<?xml version="1.0" encoding="UTF-8"?>

<!DOCTYPE hibernate-configuration PUBLIC
        "-//Hibernate/Hibernate Configuration DTD 3.0//EN"
        "http://www.hibernate.org/dtd/hibernate-configuration-3.0.dtd">
        
<hibernate-configuration>
	<session-factory>
		<!-- Configurações de Conexão com o Banco de Dados -->
		<property name="connection.driver_class">org.postgresql.Driver</property>
		<property name="connection.url">jdbc:postgresql://localhost:5432/db_siglabor_teste</property>
		<property name="connection.username">postgres</property>
		<property name="connection.password">root</property>

		<property name="hibernate.temp.use_jdbc_metadata_defaults">false</property>

		<!-- Pool de Conexões - número de conexões -->
		<property name="connection.pool_size">5</property>

		<!-- SQL dialect -->
		<property name="dialect">org.hibernate.dialect.PostgreSQLDialect</property>

		<!-- Gerenciamento do Contexto das Sessões -->
		<property name="current_session_context_class">thread</property>

		<!-- Cache de Segundo Nível -->
		<property name="cache.provider_class">org.hibernate.cache.internal.NoCacheProvider</property>

		<!-- Mostra as SQLs Geradas -->
		<property name="show_sql">true</property>

		<!-- Cria as tabelas do banco de dados -->
		<property name="hbm2ddl.auto">validate</property>

		<!-- Mapeamento das entidades -->
		<mapping class="br.com.siglabor.domain.Analista"/>
		<mapping class="br.com.siglabor.domain.Produto"/>
		<mapping class="br.com.siglabor.domain.Turno"/>
		
		
	</session-factory>
</hibernate-configuration>
        